{
    "cameras": {
        "cam0": {
            "rotation_matrix_R": [
                [
                    0.758183866604003,
                    -0.6520335560005135,
                    0.003076730525892468
                ],
                [
                    -0.4647232849493905,
                    -0.5436775293776097,
                    -0.6988898428763334
                ],
                [
                    0.4573723787541737,
                    0.5284571750853456,
                    -0.7152227074510185
                ]
            ],
            "translation_vector_t": [
                -0.009253145920610467,
                2.096528359692119,
                5.846018178657503
            ],
            "T_homogeneous_matrix_4x4": [
                [
                    0.758183866604003,
                    -0.6520335560005135,
                    0.003076730525892468,
                    -0.009253145920610467
                ],
                [
                    -0.4647232849493905,
                    -0.5436775293776097,
                    -0.6988898428763334,
                    2.096528359692119
                ],
                [
                    0.4573723787541737,
                    0.5284571750853456,
                    -0.7152227074510185,
                    5.846018178657503
                ],
                [
                    0.0,
                    0.0,
                    0.0,
                    1.0
                ]
            ],
            "R_Rodrigues_vector": [
                2.2460682011674886,
                -0.8313696081723585,
                0.34278133030272795
            ]
        },
        "cam1": {
            "rotation_matrix_R": [
                [
                    -0.10303910768946567,
                    0.99467603710205,
                    0.0015885532788102452
                ],
                [
                    0.409586660149541,
                    0.043884597645459045,
                    -0.9112150733592155
                ],
                [
                    -0.9064335111380774,
                    -0.09324013784018703,
                    -0.4119278657501091
                ]
            ],
            "translation_vector_t": [
                -0.00462438381057223,
                2.7335436738848085,
                5.152694648756139
            ],
            "T_homogeneous_matrix_4x4": [
                [
                    -0.10303910768946567,
                    0.99467603710205,
                    0.0015885532788102452,
                    -0.00462438381057223
                ],
                [
                    0.409586660149541,
                    0.043884597645459045,
                    -0.9112150733592155,
                    2.7335436738848085
                ],
                [
                    -0.9064335111380774,
                    -0.09324013784018703,
                    -0.4119278657501091,
                    5.152694648756139
                ],
                [
                    0.0,
                    0.0,
                    0.0,
                    1.0
                ]
            ],
            "R_Rodrigues_vector": [
                1.4472012365873144,
                1.6065170183226432,
                -1.0351687234798832
            ]
        },
        "cam2": {
            "rotation_matrix_R": [
                [
                    0.6208998884988318,
                    -0.7838846593846707,
                    0.002858188852650323
                ],
                [
                    -0.4008709143002536,
                    -0.32065121333358293,
                    -0.8581872228457961
                ],
                [
                    0.673636280592292,
                    0.531702586197472,
                    -0.5133288627193126
                ]
            ],
            "translation_vector_t": [
                -0.008606316801907907,
                2.5744551342512367,
                5.522408776182302
            ],
            "T_homogeneous_matrix_4x4": [
                [
                    0.6208998884988318,
                    -0.7838846593846707,
                    0.002858188852650323,
                    -0.008606316801907907
                ],
                [
                    -0.4008709143002536,
                    -0.32065121333358293,
                    -0.8581872228457961,
                    2.5744551342512367
                ],
                [
                    0.673636280592292,
                    0.531702586197472,
                    -0.5133288627193126,
                    5.522408776182302
                ],
                [
                    0.0,
                    0.0,
                    0.0,
                    1.0
                ]
            ],
            "R_Rodrigues_vector": [
                1.9426550907709181,
                -0.9375494850146433,
                0.535339993776668
            ]
        }
    }
}